[{"model": "admin.logentry", "pk": 1, "fields": {"action_time": "2022-11-26T09:38:35.921Z", "user": 1, "content_type": 7, "object_id": "1", "object_repr": "men", "action_flag": 1, "change_message": "[{\"added\": {}}]"}}, {"model": "admin.logentry", "pk": 2, "fields": {"action_time": "2022-11-26T09:38:42.727Z", "user": 1, "content_type": 7, "object_id": "2", "object_repr": "women", "action_flag": 1, "change_message": "[{\"added\": {}}]"}}, {"model": "admin.logentry", "pk": 3, "fields": {"action_time": "2022-11-26T09:38:57.196Z", "user": 1, "content_type": 12, "object_id": "1", "object_repr": "pant", "action_flag": 1, "change_message": "[{\"added\": {}}]"}}, {"model": "admin.logentry", "pk": 4, "fields": {"action_time": "2022-11-26T09:39:02.187Z", "user": 1, "content_type": 12, "object_id": "2", "object_repr": "top", "action_flag": 1, "change_message": "[{\"added\": {}}]"}}, {"model": "admin.logentry", "pk": 5, "fields": {"action_time": "2022-11-26T09:39:30.597Z", "user": 1, "content_type": 12, "object_id": "3", "object_repr": "shirt-men", "action_flag": 1, "change_message": "[{\"added\": {}}]"}}, {"model": "admin.logentry", "pk": 6, "fields": {"action_time": "2022-11-26T09:39:48.805Z", "user": 1, "content_type": 12, "object_id": "4", "object_repr": "t-shirt (w)", "action_flag": 1, "change_message": "[{\"added\": {}}]"}}, {"model": "admin.logentry", "pk": 7, "fields": {"action_time": "2022-11-26T09:50:40.232Z", "user": 1, "content_type": 10, "object_id": "1", "object_repr": "t-shirt", "action_flag": 1, "change_message": "[{\"added\": {}}]"}}, {"model": "admin.logentry", "pk": 8, "fields": {"action_time": "2022-11-26T09:52:29.550Z", "user": 1, "content_type": 10, "object_id": "2", "object_repr": "top", "action_flag": 1, "change_message": "[{\"added\": {}}]"}}, {"model": "admin.logentry", "pk": 9, "fields": {"action_time": "2022-11-26T09:53:05.068Z", "user": 1, "content_type": 10, "object_id": "3", "object_repr": "jeans", "action_flag": 1, "change_message": "[{\"added\": {}}]"}}, {"model": "admin.logentry", "pk": 10, "fields": {"action_time": "2022-11-26T09:54:52.470Z", "user": 1, "content_type": 10, "object_id": "4", "object_repr": "t-shirt", "action_flag": 1, "change_message": "[{\"added\": {}}]"}}, {"model": "admin.logentry", "pk": 11, "fields": {"action_time": "2022-11-26T09:56:00.216Z", "user": 1, "content_type": 15, "object_id": "1", "object_repr": "MainBanner object (1)", "action_flag": 1, "change_message": "[{\"added\": {}}]"}}, {"model": "admin.logentry", "pk": 12, "fields": {"action_time": "2022-11-26T09:56:13.434Z", "user": 1, "content_type": 14, "object_id": "1", "object_repr": "SubBanners1 object (1)", "action_flag": 1, "change_message": "[{\"added\": {}}]"}}, {"model": "admin.logentry", "pk": 13, "fields": {"action_time": "2022-11-26T09:56:24.544Z", "user": 1, "content_type": 13, "object_id": "1", "object_repr": "SubBanners2 object (1)", "action_flag": 1, "change_message": "[{\"added\": {}}]"}}, {"model": "admin.logentry", "pk": 14, "fields": {"action_time": "2022-11-28T09:44:02.814Z", "user": 1, "content_type": 21, "object_id": "1", "object_repr": "AdminNumber object (1)", "action_flag": 1, "change_message": "[{\"added\": {}}]"}}, {"model": "admin.logentry", "pk": 47, "fields": {"action_time": "2022-11-28T18:39:21.292Z", "user": 1, "content_type": 15, "object_id": "1", "object_repr": "MainBanner object (1)", "action_flag": 2, "change_message": "[{\"changed\": {\"fields\": [\"Bannerbig\"]}}]"}}, {"model": "admin.logentry", "pk": 48, "fields": {"action_time": "2022-11-28T18:39:35.676Z", "user": 1, "content_type": 14, "object_id": "1", "object_repr": "SubBanners1 object (1)", "action_flag": 2, "change_message": "[{\"changed\": {\"fields\": [\"Subbanner1\"]}}]"}}, {"model": "admin.logentry", "pk": 49, "fields": {"action_time": "2022-11-28T18:39:49.399Z", "user": 1, "content_type": 13, "object_id": "1", "object_repr": "SubBanners2 object (1)", "action_flag": 2, "change_message": "[{\"changed\": {\"fields\": [\"Subbanner2\"]}}]"}}, {"model": "admin.logentry", "pk": 50, "fields": {"action_time": "2022-11-29T14:44:59.212Z", "user": 1, "content_type": 7, "object_id": "2", "object_repr": "Fish & Seafood", "action_flag": 2, "change_message": "[{\"changed\": {\"fields\": [\"Category\", \"Image\"]}}]"}}, {"model": "admin.logentry", "pk": 51, "fields": {"action_time": "2022-11-29T14:49:13.162Z", "user": 1, "content_type": 7, "object_id": "1", "object_repr": "Poultry", "action_flag": 2, "change_message": "[{\"changed\": {\"fields\": [\"Category\", \"Image\"]}}]"}}, {"model": "admin.logentry", "pk": 52, "fields": {"action_time": "2022-11-29T14:50:08.320Z", "user": 1, "content_type": 10, "object_id": "4", "object_repr": "t-shirt", "action_flag": 3, "change_message": ""}}, {"model": "admin.logentry", "pk": 53, "fields": {"action_time": "2022-11-29T14:50:15.194Z", "user": 1, "content_type": 10, "object_id": "3", "object_repr": "jeans", "action_flag": 3, "change_message": ""}}, {"model": "admin.logentry", "pk": 54, "fields": {"action_time": "2022-11-29T14:50:20.797Z", "user": 1, "content_type": 10, "object_id": "2", "object_repr": "top", "action_flag": 3, "change_message": ""}}, {"model": "admin.logentry", "pk": 55, "fields": {"action_time": "2022-11-29T15:23:26.644Z", "user": 1, "content_type": 10, "object_id": "5", "object_repr": "cadscsacas", "action_flag": 1, "change_message": "[{\"added\": {}}]"}}, {"model": "admin.logentry", "pk": 56, "fields": {"action_time": "2022-11-29T15:23:41.508Z", "user": 1, "content_type": 10, "object_id": "5", "object_repr": "cadscsacas", "action_flag": 3, "change_message": ""}}, {"model": "admin.logentry", "pk": 57, "fields": {"action_time": "2022-11-29T15:26:54.049Z", "user": 1, "content_type": 12, "object_id": "5", "object_repr": "Fishes", "action_flag": 1, "change_message": "[{\"added\": {}}]"}}, {"model": "admin.logentry", "pk": 58, "fields": {"action_time": "2022-11-29T15:27:34.737Z", "user": 1, "content_type": 10, "object_id": "6", "object_repr": "Whole", "action_flag": 1, "change_message": "[{\"added\": {}}]"}}, {"model": "admin.logentry", "pk": 59, "fields": {"action_time": "2022-11-29T15:27:47.919Z", "user": 1, "content_type": 15, "object_id": "1", "object_repr": "MainBanner object (1)", "action_flag": 2, "change_message": "[{\"changed\": {\"fields\": [\"Product\"]}}]"}}, {"model": "admin.logentry", "pk": 60, "fields": {"action_time": "2022-11-29T15:28:34.132Z", "user": 1, "content_type": 10, "object_id": "1", "object_repr": "t-shirt", "action_flag": 2, "change_message": "[{\"changed\": {\"fields\": [\"Is top save today\", \"Is best seller\"]}}]"}}, {"model": "admin.logentry", "pk": 61, "fields": {"action_time": "2022-11-29T15:29:06.194Z", "user": 1, "content_type": 15, "object_id": "1", "object_repr": "MainBanner object (1)", "action_flag": 2, "change_message": "[{\"changed\": {\"fields\": [\"Bannerbig\"]}}]"}}, {"model": "admin.logentry", "pk": 62, "fields": {"action_time": "2022-12-01T08:44:49.259Z", "user": 1, "content_type": 15, "object_id": "2", "object_repr": "MainBanner object (2)", "action_flag": 1, "change_message": "[{\"added\": {}}]"}}, {"model": "admin.logentry", "pk": 63, "fields": {"action_time": "2022-12-01T08:49:33.363Z", "user": 1, "content_type": 14, "object_id": "2", "object_repr": "SubBanners1 object (2)", "action_flag": 1, "change_message": "[{\"added\": {}}]"}}, {"model": "admin.logentry", "pk": 64, "fields": {"action_time": "2022-12-01T08:50:34.775Z", "user": 1, "content_type": 13, "object_id": "2", "object_repr": "SubBanners2 object (2)", "action_flag": 1, "change_message": "[{\"added\": {}}]"}}, {"model": "admin.logentry", "pk": 65, "fields": {"action_time": "2022-12-01T08:52:11.692Z", "user": 1, "content_type": 15, "object_id": "2", "object_repr": "MainBanner object (2)", "action_flag": 2, "change_message": "[{\"changed\": {\"fields\": [\"Bannerbig\"]}}]"}}, {"model": "admin.logentry", "pk": 66, "fields": {"action_time": "2022-12-01T08:53:21.268Z", "user": 1, "content_type": 15, "object_id": "2", "object_repr": "MainBanner object (2)", "action_flag": 2, "change_message": "[{\"changed\": {\"fields\": [\"Bannerbig\"]}}]"}}, {"model": "admin.logentry", "pk": 67, "fields": {"action_time": "2022-12-01T09:46:47.748Z", "user": 1, "content_type": 15, "object_id": "2", "object_repr": "MainBanner object (2)", "action_flag": 2, "change_message": "[{\"changed\": {\"fields\": [\"Bannerbig\"]}}]"}}, {"model": "admin.logentry", "pk": 68, "fields": {"action_time": "2022-12-01T09:47:06.051Z", "user": 1, "content_type": 14, "object_id": "2", "object_repr": "SubBanners1 object (2)", "action_flag": 2, "change_message": "[{\"changed\": {\"fields\": [\"Subbanner1\"]}}]"}}, {"model": "admin.logentry", "pk": 69, "fields": {"action_time": "2022-12-01T09:47:17.581Z", "user": 1, "content_type": 13, "object_id": "2", "object_repr": "SubBanners2 object (2)", "action_flag": 2, "change_message": "[{\"changed\": {\"fields\": [\"Subbanner2\"]}}]"}}, {"model": "admin.logentry", "pk": 70, "fields": {"action_time": "2022-12-01T09:56:22.663Z", "user": 1, "content_type": 7, "object_id": "3", "object_repr": "Mutto", "action_flag": 1, "change_message": "[{\"added\": {}}]"}}, {"model": "admin.logentry", "pk": 71, "fields": {"action_time": "2022-12-01T09:58:07.293Z", "user": 1, "content_type": 7, "object_id": "4", "object_repr": "Steaks & Fillet", "action_flag": 1, "change_message": "[{\"added\": {}}]"}}, {"model": "admin.logentry", "pk": 72, "fields": {"action_time": "2022-12-01T10:03:37.383Z", "user": 1, "content_type": 12, "object_id": "6", "object_repr": "Tuna Fish", "action_flag": 1, "change_message": "[{\"added\": {}}]"}}, {"model": "admin.logentry", "pk": 73, "fields": {"action_time": "2022-12-01T10:04:08.466Z", "user": 1, "content_type": 12, "object_id": "7", "object_repr": "Red Snapper", "action_flag": 1, "change_message": "[{\"added\": {}}]"}}, {"model": "admin.logentry", "pk": 74, "fields": {"action_time": "2022-12-01T10:04:42.938Z", "user": 1, "content_type": 12, "object_id": "8", "object_repr": "Naadan Mathi", "action_flag": 1, "change_message": "[{\"added\": {}}]"}}, {"model": "admin.logentry", "pk": 75, "fields": {"action_time": "2022-12-01T10:05:19.517Z", "user": 1, "content_type": 12, "object_id": "9", "object_repr": "Chicken Liver", "action_flag": 1, "change_message": "[{\"added\": {}}]"}}, {"model": "admin.logentry", "pk": 76, "fields": {"action_time": "2022-12-01T10:05:31.596Z", "user": 1, "content_type": 12, "object_id": "10", "object_repr": "Boneless Chicken", "action_flag": 1, "change_message": "[{\"added\": {}}]"}}, {"model": "admin.logentry", "pk": 77, "fields": {"action_time": "2022-12-01T10:06:09.279Z", "user": 1, "content_type": 12, "object_id": "11", "object_repr": "Premium Chicken Skinless", "action_flag": 1, "change_message": "[{\"added\": {}}]"}}, {"model": "admin.logentry", "pk": 78, "fields": {"action_time": "2022-12-01T10:06:22.298Z", "user": 1, "content_type": 7, "object_id": "3", "object_repr": "Mutton", "action_flag": 2, "change_message": "[{\"changed\": {\"fields\": [\"Category\"]}}]"}}, {"model": "admin.logentry", "pk": 79, "fields": {"action_time": "2022-12-01T10:06:53.193Z", "user": 1, "content_type": 12, "object_id": "12", "object_repr": "Tender Goat", "action_flag": 1, "change_message": "[{\"added\": {}}]"}}, {"model": "admin.logentry", "pk": 80, "fields": {"action_time": "2022-12-01T10:07:05.826Z", "user": 1, "content_type": 12, "object_id": "13", "object_repr": "Motton Soup Bone", "action_flag": 1, "change_message": "[{\"added\": {}}]"}}, {"model": "admin.logentry", "pk": 81, "fields": {"action_time": "2022-12-01T10:07:32.915Z", "user": 1, "content_type": 12, "object_id": "14", "object_repr": "Premium Leg Boneless", "action_flag": 1, "change_message": "[{\"added\": {}}]"}}, {"model": "admin.logentry", "pk": 82, "fields": {"action_time": "2022-12-01T10:07:48.799Z", "user": 1, "content_type": 12, "object_id": "15", "object_repr": "Fresh Indian Baasa", "action_flag": 1, "change_message": "[{\"added\": {}}]"}}, {"model": "admin.logentry", "pk": 83, "fields": {"action_time": "2022-12-01T10:08:03.879Z", "user": 1, "content_type": 12, "object_id": "16", "object_repr": "Fresh Indian Baasa", "action_flag": 1, "change_message": "[{\"added\": {}}]"}}, {"model": "admin.logentry", "pk": 84, "fields": {"action_time": "2022-12-01T10:08:19.603Z", "user": 1, "content_type": 12, "object_id": "17", "object_repr": "Sail Fish / Ola Meen", "action_flag": 1, "change_message": "[{\"added\": {}}]"}}, {"model": "admin.logentry", "pk": 85, "fields": {"action_time": "2022-12-01T10:09:51.342Z", "user": 1, "content_type": 10, "object_id": "7", "object_repr": "Sail Fish / Ola Meen - Fillet (240g to 260g Pack)", "action_flag": 1, "change_message": "[{\"added\": {}}]"}}, {"model": "admin.logentry", "pk": 86, "fields": {"action_time": "2022-12-01T10:10:42.512Z", "user": 1, "content_type": 10, "object_id": "8", "object_repr": "Sail Fish / Ola Meen - Loin Cut (230g to 250g Pack)", "action_flag": 1, "change_message": "[{\"added\": {}}]"}}, {"model": "admin.logentry", "pk": 87, "fields": {"action_time": "2022-12-01T10:11:32.805Z", "user": 1, "content_type": 10, "object_id": "9", "object_repr": "Fresh Indian Baasa / Pangasius / Pangas - Boneless Cubes 200g Pack", "action_flag": 1, "change_message": "[{\"added\": {}}]"}}, {"model": "admin.logentry", "pk": 88, "fields": {"action_time": "2022-12-01T10:12:14.310Z", "user": 1, "content_type": 10, "object_id": "10", "object_repr": "Fresh Indian Baasa / Pangasius - Boneless Fillet 250g Pack", "action_flag": 1, "change_message": "[{\"added\": {}}]"}}, {"model": "admin.logentry", "pk": 89, "fields": {"action_time": "2022-12-01T10:13:13.142Z", "user": 1, "content_type": 12, "object_id": "15", "object_repr": "Fresh Indian Baasa", "action_flag": 3, "change_message": ""}}, {"model": "admin.logentry", "pk": 90, "fields": {"action_time": "2022-12-01T10:16:22.106Z", "user": 1, "content_type": 10, "object_id": "11", "object_repr": "Premium Tender Goat - Biryani Cut (480g to 500g Pack)", "action_flag": 1, "change_message": "[{\"added\": {}}]"}}, {"model": "admin.logentry", "pk": 91, "fields": {"action_time": "2022-12-01T10:17:10.500Z", "user": 1, "content_type": 10, "object_id": "12", "object_repr": "Premium Goat - Chops (480g to 500g Pack)", "action_flag": 1, "change_message": "[{\"added\": {}}]"}}, {"model": "admin.logentry", "pk": 92, "fields": {"action_time": "2022-12-01T10:18:54.460Z", "user": 1, "content_type": 10, "object_id": "13", "object_repr": "Mutton Soup Bones (480 - 500g Pack)", "action_flag": 1, "change_message": "[{\"added\": {}}]"}}, {"model": "admin.logentry", "pk": 93, "fields": {"action_time": "2022-12-01T10:20:34.316Z", "user": 1, "content_type": 10, "object_id": "14", "object_repr": "Combo: (500g Premium Tender Goat Curry Cut + 500g Premium Tender", "action_flag": 1, "change_message": "[{\"added\": {}}]"}}, {"model": "admin.logentry", "pk": 94, "fields": {"action_time": "2022-12-01T10:21:47.725Z", "user": 1, "content_type": 10, "object_id": "15", "object_repr": "Premium Goat Raan / Leg Portion (700g to 900g)", "action_flag": 1, "change_message": "[{\"added\": {}}]"}}, {"model": "admin.logentry", "pk": 95, "fields": {"action_time": "2022-12-01T10:22:29.704Z", "user": 1, "content_type": 10, "object_id": "16", "object_repr": "Premium Goat - Shanks (3 piece / 380g to 420g Pack)", "action_flag": 1, "change_message": "[{\"added\": {}}]"}}, {"model": "admin.logentry", "pk": 96, "fields": {"action_time": "2022-12-01T10:24:27.786Z", "user": 1, "content_type": 10, "object_id": "17", "object_repr": "Premium Antibiotic-residue-free Chicken Liver (Liver)", "action_flag": 1, "change_message": "[{\"added\": {}}]"}}, {"model": "admin.logentry", "pk": 97, "fields": {"action_time": "2022-12-01T10:25:17.242Z", "user": 1, "content_type": 10, "object_id": "18", "object_repr": "residue-free Chicken Liver (Liver)", "action_flag": 1, "change_message": "[{\"added\": {}}]"}}, {"model": "admin.logentry", "pk": 98, "fields": {"action_time": "2022-12-01T10:53:16.536Z", "user": 1, "content_type": 10, "object_id": "19", "object_repr": "free Chicken Thigh Boneless (230g to 250g Pack)", "action_flag": 1, "change_message": "[{\"added\": {}}]"}}, {"model": "admin.logentry", "pk": 99, "fields": {"action_time": "2022-12-01T10:54:24.097Z", "user": 1, "content_type": 10, "object_id": "20", "object_repr": "Premium Antibiotic-residue-free Chicken Thigh Curry Cut", "action_flag": 1, "change_message": "[{\"added\": {}}]"}}, {"model": "admin.logentry", "pk": 100, "fields": {"action_time": "2022-12-01T10:55:19.334Z", "user": 1, "content_type": 10, "object_id": "21", "object_repr": "Premium Tender and Antibiotic-residue-free Chicken - Curry Cut (Skinless)", "action_flag": 1, "change_message": "[{\"added\": {}}]"}}, {"model": "admin.logentry", "pk": 101, "fields": {"action_time": "2022-12-01T10:56:05.436Z", "user": 1, "content_type": 10, "object_id": "22", "object_repr": "Premium Chicken Thigh Bone-In (Skinless)", "action_flag": 1, "change_message": "[{\"added\": {}}]"}}, {"model": "admin.logentry", "pk": 102, "fields": {"action_time": "2022-12-01T10:57:07.255Z", "user": 1, "content_type": 15, "object_id": "1", "object_repr": "MainBanner object (1)", "action_flag": 3, "change_message": ""}}, {"model": "admin.logentry", "pk": 103, "fields": {"action_time": "2022-12-01T10:57:21.751Z", "user": 1, "content_type": 15, "object_id": "2", "object_repr": "MainBanner object (2)", "action_flag": 2, "change_message": "[{\"changed\": {\"fields\": [\"Product\", \"Subcategory\"]}}]"}}, {"model": "admin.logentry", "pk": 104, "fields": {"action_time": "2022-12-01T10:57:33.711Z", "user": 1, "content_type": 14, "object_id": "2", "object_repr": "SubBanners1 object (2)", "action_flag": 2, "change_message": "[{\"changed\": {\"fields\": [\"Product\"]}}]"}}, {"model": "admin.logentry", "pk": 105, "fields": {"action_time": "2022-12-01T10:57:41.966Z", "user": 1, "content_type": 13, "object_id": "2", "object_repr": "SubBanners2 object (2)", "action_flag": 2, "change_message": "[{\"changed\": {\"fields\": [\"Product\"]}}]"}}, {"model": "admin.logentry", "pk": 106, "fields": {"action_time": "2022-12-01T10:58:20.418Z", "user": 1, "content_type": 15, "object_id": "2", "object_repr": "MainBanner object (2)", "action_flag": 3, "change_message": ""}}, {"model": "admin.logentry", "pk": 107, "fields": {"action_time": "2022-12-01T10:58:48.697Z", "user": 1, "content_type": 15, "object_id": "3", "object_repr": "MainBanner object (3)", "action_flag": 1, "change_message": "[{\"added\": {}}]"}}, {"model": "admin.logentry", "pk": 108, "fields": {"action_time": "2022-12-01T11:02:22.320Z", "user": 1, "content_type": 10, "object_id": "23", "object_repr": "Tuna / Choora / Choorai (1kg to 5kg)", "action_flag": 1, "change_message": "[{\"added\": {}}]"}}, {"model": "admin.logentry", "pk": 109, "fields": {"action_time": "2022-12-01T11:03:16.024Z", "user": 1, "content_type": 10, "object_id": "24", "object_repr": "Yellow Fin Tuna / Kera (7kg to 35kg)", "action_flag": 1, "change_message": "[{\"added\": {}}]"}}, {"model": "admin.logentry", "pk": 110, "fields": {"action_time": "2022-12-01T11:04:30.956Z", "user": 1, "content_type": 10, "object_id": "25", "object_repr": "Red Snapper / Chempalli / Ran", "action_flag": 1, "change_message": "[{\"added\": {}}]"}}, {"model": "admin.logentry", "pk": 111, "fields": {"action_time": "2022-12-01T11:06:00.923Z", "user": 1, "content_type": 10, "object_id": "26", "object_repr": "Big Eye Snapper - Whole Cleaned (With Skin)", "action_flag": 1, "change_message": "[{\"added\": {}}]"}}, {"model": "admin.logentry", "pk": 112, "fields": {"action_time": "2022-12-01T11:07:09.368Z", "user": 1, "content_type": 10, "object_id": "27", "object_repr": "Kerala Sardine / Naadan Mathi - Whole Cleaned", "action_flag": 1, "change_message": "[{\"added\": {}}]"}}, {"model": "admin.logentry", "pk": 113, "fields": {"action_time": "2022-12-01T11:07:59.752Z", "user": 1, "content_type": 10, "object_id": "28", "object_repr": "Kerala Sardine / Naadan Mathi - Whole (Not Cleaned and Cut)", "action_flag": 1, "change_message": "[{\"added\": {}}]"}}, {"model": "admin.logentry", "pk": 114, "fields": {"action_time": "2023-01-02T08:43:49.955Z", "user": 1, "content_type": 14, "object_id": "2", "object_repr": "SubBanners1 object (2)", "action_flag": 2, "change_message": "[{\"changed\": {\"fields\": [\"Category\"]}}]"}}, {"model": "admin.logentry", "pk": 115, "fields": {"action_time": "2023-01-02T08:44:02.088Z", "user": 1, "content_type": 13, "object_id": "2", "object_repr": "SubBanners2 object (2)", "action_flag": 2, "change_message": "[{\"changed\": {\"fields\": [\"Category\"]}}]"}}, {"model": "admin.logentry", "pk": 116, "fields": {"action_time": "2023-01-02T10:40:20.953Z", "user": 1, "content_type": 21, "object_id": "34", "object_repr": "AdminNumber object (34)", "action_flag": 1, "change_message": "[{\"added\": {}}]"}}, {"model": "admin.logentry", "pk": 117, "fields": {"action_time": "2023-01-02T10:56:52.703Z", "user": 1, "content_type": 21, "object_id": "1", "object_repr": "AdminNumber object (1)", "action_flag": 2, "change_message": "[]"}}, {"model": "admin.logentry", "pk": 118, "fields": {"action_time": "2023-01-02T11:14:53.113Z", "user": 1, "content_type": 15, "object_id": "3", "object_repr": "MainBanner object (3)", "action_flag": 2, "change_message": "[{\"changed\": {\"fields\": [\"Subcategory\", \"Category\"]}}]"}}, {"model": "admin.logentry", "pk": 119, "fields": {"action_time": "2023-01-03T06:55:34.603Z", "user": 1, "content_type": 10, "object_id": "1", "object_repr": "t-shirt", "action_flag": 3, "change_message": ""}}, {"model": "admin.logentry", "pk": 120, "fields": {"action_time": "2023-01-03T06:55:50.930Z", "user": 1, "content_type": 10, "object_id": "28", "object_repr": "Kerala Sardine / Naadan Mathi - Whole (Not Cleaned and Cut)", "action_flag": 2, "change_message": "[{\"changed\": {\"fields\": [\"Old price\", \"New price\"]}}]"}}, {"model": "admin.logentry", "pk": 121, "fields": {"action_time": "2023-01-03T06:56:03.290Z", "user": 1, "content_type": 10, "object_id": "27", "object_repr": "Kerala Sardine / Naadan Mathi - Whole Cleaned", "action_flag": 2, "change_message": "[{\"changed\": {\"fields\": [\"Old price\", \"New price\"]}}]"}}, {"model": "admin.logentry", "pk": 122, "fields": {"action_time": "2023-01-03T06:56:15.958Z", "user": 1, "content_type": 10, "object_id": "26", "object_repr": "Big Eye Snapper - Whole Cleaned (With Skin)", "action_flag": 2, "change_message": "[{\"changed\": {\"fields\": [\"Old price\", \"New price\"]}}]"}}, {"model": "admin.logentry", "pk": 123, "fields": {"action_time": "2023-01-03T06:56:26.289Z", "user": 1, "content_type": 10, "object_id": "24", "object_repr": "Yellow Fin Tuna / Kera (7kg to 35kg)", "action_flag": 2, "change_message": "[{\"changed\": {\"fields\": [\"Old price\", \"New price\"]}}]"}}, {"model": "admin.logentry", "pk": 124, "fields": {"action_time": "2023-01-03T06:57:44.811Z", "user": 1, "content_type": 10, "object_id": "25", "object_repr": "Red Snapper / Chempalli / Ran", "action_flag": 2, "change_message": "[{\"changed\": {\"fields\": [\"Old price\", \"New price\"]}}]"}}, {"model": "admin.logentry", "pk": 125, "fields": {"action_time": "2023-01-03T06:57:57.734Z", "user": 1, "content_type": 10, "object_id": "23", "object_repr": "Tuna / Choora / Choorai (1kg to 5kg)", "action_flag": 2, "change_message": "[{\"changed\": {\"fields\": [\"Old price\", \"New price\"]}}]"}}, {"model": "admin.logentry", "pk": 126, "fields": {"action_time": "2023-01-03T06:58:18.729Z", "user": 1, "content_type": 10, "object_id": "22", "object_repr": "Premium Chicken Thigh Bone-In (Skinless)", "action_flag": 2, "change_message": "[{\"changed\": {\"fields\": [\"Old price\", \"New price\"]}}]"}}, {"model": "admin.logentry", "pk": 127, "fields": {"action_time": "2023-01-03T06:58:30.958Z", "user": 1, "content_type": 10, "object_id": "21", "object_repr": "Premium Tender and Antibiotic-residue-free Chicken - Curry Cut (Skinless)", "action_flag": 2, "change_message": "[{\"changed\": {\"fields\": [\"Old price\", \"New price\"]}}]"}}, {"model": "admin.logentry", "pk": 128, "fields": {"action_time": "2023-01-03T06:58:41.707Z", "user": 1, "content_type": 10, "object_id": "20", "object_repr": "Premium Antibiotic-residue-free Chicken Thigh Curry Cut", "action_flag": 2, "change_message": "[{\"changed\": {\"fields\": [\"Old price\", \"New price\"]}}]"}}, {"model": "admin.logentry", "pk": 129, "fields": {"action_time": "2023-01-03T06:58:51.455Z", "user": 1, "content_type": 10, "object_id": "19", "object_repr": "free Chicken Thigh Boneless (230g to 250g Pack)", "action_flag": 2, "change_message": "[{\"changed\": {\"fields\": [\"Old price\", \"New price\"]}}]"}}, {"model": "admin.logentry", "pk": 130, "fields": {"action_time": "2023-01-03T06:59:00.788Z", "user": 1, "content_type": 10, "object_id": "18", "object_repr": "residue-free Chicken Liver (Liver)", "action_flag": 2, "change_message": "[{\"changed\": {\"fields\": [\"Old price\", \"New price\"]}}]"}}, {"model": "admin.logentry", "pk": 131, "fields": {"action_time": "2023-01-03T06:59:12.713Z", "user": 1, "content_type": 10, "object_id": "18", "object_repr": "residue-free Chicken Liver (Liver)", "action_flag": 2, "change_message": "[]"}}, {"model": "admin.logentry", "pk": 132, "fields": {"action_time": "2023-01-03T06:59:22.993Z", "user": 1, "content_type": 10, "object_id": "18", "object_repr": "residue-free Chicken Liver (Liver)", "action_flag": 2, "change_message": "[]"}}, {"model": "admin.logentry", "pk": 133, "fields": {"action_time": "2023-01-03T06:59:35.528Z", "user": 1, "content_type": 10, "object_id": "17", "object_repr": "Premium Antibiotic-residue-free Chicken Liver (Liver)", "action_flag": 2, "change_message": "[{\"changed\": {\"fields\": [\"Old price\", \"New price\"]}}]"}}, {"model": "admin.logentry", "pk": 134, "fields": {"action_time": "2023-01-03T06:59:44.878Z", "user": 1, "content_type": 10, "object_id": "16", "object_repr": "Premium Goat - Shanks (3 piece / 380g to 420g Pack)", "action_flag": 2, "change_message": "[{\"changed\": {\"fields\": [\"Old price\", \"New price\"]}}]"}}, {"model": "admin.logentry", "pk": 135, "fields": {"action_time": "2023-01-03T06:59:55.804Z", "user": 1, "content_type": 10, "object_id": "15", "object_repr": "Premium Goat Raan / Leg Portion (700g to 900g)", "action_flag": 2, "change_message": "[{\"changed\": {\"fields\": [\"Old price\", \"New price\"]}}]"}}, {"model": "admin.logentry", "pk": 136, "fields": {"action_time": "2023-01-03T07:00:07.180Z", "user": 1, "content_type": 10, "object_id": "14", "object_repr": "Combo: (500g Premium Tender Goat Curry Cut + 500g Premium Tender", "action_flag": 2, "change_message": "[{\"changed\": {\"fields\": [\"Old price\", \"New price\"]}}]"}}, {"model": "admin.logentry", "pk": 137, "fields": {"action_time": "2023-01-03T07:00:18.926Z", "user": 1, "content_type": 10, "object_id": "10", "object_repr": "Fresh Indian Baasa / Pangasius - Boneless Fillet 250g Pack", "action_flag": 2, "change_message": "[{\"changed\": {\"fields\": [\"Old price\", \"New price\"]}}]"}}, {"model": "admin.logentry", "pk": 138, "fields": {"action_time": "2023-01-03T07:00:29.265Z", "user": 1, "content_type": 10, "object_id": "10", "object_repr": "Fresh Indian Baasa / Pangasius - Boneless Fillet 250g Pack", "action_flag": 2, "change_message": "[]"}}, {"model": "admin.logentry", "pk": 139, "fields": {"action_time": "2023-01-03T07:00:38.532Z", "user": 1, "content_type": 10, "object_id": "9", "object_repr": "Fresh Indian Baasa / Pangasius / Pangas - Boneless Cubes 200g Pack", "action_flag": 2, "change_message": "[{\"changed\": {\"fields\": [\"Old price\", \"New price\"]}}]"}}, {"model": "admin.logentry", "pk": 140, "fields": {"action_time": "2023-01-03T07:00:48.824Z", "user": 1, "content_type": 10, "object_id": "8", "object_repr": "Sail Fish / Ola Meen - Loin Cut (230g to 250g Pack)", "action_flag": 2, "change_message": "[{\"changed\": {\"fields\": [\"Old price\", \"New price\"]}}]"}}, {"model": "admin.logentry", "pk": 141, "fields": {"action_time": "2023-01-03T07:00:56.628Z", "user": 1, "content_type": 10, "object_id": "8", "object_repr": "Sail Fish / Ola Meen - Loin Cut (230g to 250g Pack)", "action_flag": 2, "change_message": "[]"}}, {"model": "admin.logentry", "pk": 142, "fields": {"action_time": "2023-01-03T07:01:05.825Z", "user": 1, "content_type": 10, "object_id": "7", "object_repr": "Sail Fish / Ola Meen - Fillet (240g to 260g Pack)", "action_flag": 2, "change_message": "[{\"changed\": {\"fields\": [\"Old price\", \"New price\"]}}]"}}, {"model": "admin.logentry", "pk": 143, "fields": {"action_time": "2023-01-03T07:01:18.466Z", "user": 1, "content_type": 10, "object_id": "6", "object_repr": "Whole", "action_flag": 2, "change_message": "[{\"changed\": {\"fields\": [\"Old price\", \"New price\"]}}]"}}, {"model": "auth.permission", "pk": 1, "fields": {"name": "Can add log entry", "content_type": 1, "codename": "add_logentry"}}, {"model": "auth.permission", "pk": 2, "fields": {"name": "Can change log entry", "content_type": 1, "codename": "change_logentry"}}, {"model": "auth.permission", "pk": 3, "fields": {"name": "Can delete log entry", "content_type": 1, "codename": "delete_logentry"}}, {"model": "auth.permission", "pk": 4, "fields": {"name": "Can view log entry", "content_type": 1, "codename": "view_logentry"}}, {"model": "auth.permission", "pk": 5, "fields": {"name": "Can add permission", "content_type": 2, "codename": "add_permission"}}, {"model": "auth.permission", "pk": 6, "fields": {"name": "Can change permission", "content_type": 2, "codename": "change_permission"}}, {"model": "auth.permission", "pk": 7, "fields": {"name": "Can delete permission", "content_type": 2, "codename": "delete_permission"}}, {"model": "auth.permission", "pk": 8, "fields": {"name": "Can view permission", "content_type": 2, "codename": "view_permission"}}, {"model": "auth.permission", "pk": 9, "fields": {"name": "Can add group", "content_type": 3, "codename": "add_group"}}, {"model": "auth.permission", "pk": 10, "fields": {"name": "Can change group", "content_type": 3, "codename": "change_group"}}, {"model": "auth.permission", "pk": 11, "fields": {"name": "Can delete group", "content_type": 3, "codename": "delete_group"}}, {"model": "auth.permission", "pk": 12, "fields": {"name": "Can view group", "content_type": 3, "codename": "view_group"}}, {"model": "auth.permission", "pk": 13, "fields": {"name": "Can add content type", "content_type": 4, "codename": "add_contenttype"}}, {"model": "auth.permission", "pk": 14, "fields": {"name": "Can change content type", "content_type": 4, "codename": "change_contenttype"}}, {"model": "auth.permission", "pk": 15, "fields": {"name": "Can delete content type", "content_type": 4, "codename": "delete_contenttype"}}, {"model": "auth.permission", "pk": 16, "fields": {"name": "Can view content type", "content_type": 4, "codename": "view_contenttype"}}, {"model": "auth.permission", "pk": 17, "fields": {"name": "Can add session", "content_type": 5, "codename": "add_session"}}, {"model": "auth.permission", "pk": 18, "fields": {"name": "Can change session", "content_type": 5, "codename": "change_session"}}, {"model": "auth.permission", "pk": 19, "fields": {"name": "Can delete session", "content_type": 5, "codename": "delete_session"}}, {"model": "auth.permission", "pk": 20, "fields": {"name": "Can view session", "content_type": 5, "codename": "view_session"}}, {"model": "auth.permission", "pk": 21, "fields": {"name": "Can add user", "content_type": 6, "codename": "add_login"}}, {"model": "auth.permission", "pk": 22, "fields": {"name": "Can change user", "content_type": 6, "codename": "change_login"}}, {"model": "auth.permission", "pk": 23, "fields": {"name": "Can delete user", "content_type": 6, "codename": "delete_login"}}, {"model": "auth.permission", "pk": 24, "fields": {"name": "Can view user", "content_type": 6, "codename": "view_login"}}, {"model": "auth.permission", "pk": 25, "fields": {"name": "Can add category", "content_type": 7, "codename": "add_category"}}, {"model": "auth.permission", "pk": 26, "fields": {"name": "Can change category", "content_type": 7, "codename": "change_category"}}, {"model": "auth.permission", "pk": 27, "fields": {"name": "Can delete category", "content_type": 7, "codename": "delete_category"}}, {"model": "auth.permission", "pk": 28, "fields": {"name": "Can view category", "content_type": 7, "codename": "view_category"}}, {"model": "auth.permission", "pk": 29, "fields": {"name": "Can add coupon", "content_type": 8, "codename": "add_coupon"}}, {"model": "auth.permission", "pk": 30, "fields": {"name": "Can change coupon", "content_type": 8, "codename": "change_coupon"}}, {"model": "auth.permission", "pk": 31, "fields": {"name": "Can delete coupon", "content_type": 8, "codename": "delete_coupon"}}, {"model": "auth.permission", "pk": 32, "fields": {"name": "Can view coupon", "content_type": 8, "codename": "view_coupon"}}, {"model": "auth.permission", "pk": 33, "fields": {"name": "Can add customer", "content_type": 9, "codename": "add_customer"}}, {"model": "auth.permission", "pk": 34, "fields": {"name": "Can change customer", "content_type": 9, "codename": "change_customer"}}, {"model": "auth.permission", "pk": 35, "fields": {"name": "Can delete customer", "content_type": 9, "codename": "delete_customer"}}, {"model": "auth.permission", "pk": 36, "fields": {"name": "Can view customer", "content_type": 9, "codename": "view_customer"}}, {"model": "auth.permission", "pk": 37, "fields": {"name": "Can add product", "content_type": 10, "codename": "add_product"}}, {"model": "auth.permission", "pk": 38, "fields": {"name": "Can change product", "content_type": 10, "codename": "change_product"}}, {"model": "auth.permission", "pk": 39, "fields": {"name": "Can delete product", "content_type": 10, "codename": "delete_product"}}, {"model": "auth.permission", "pk": 40, "fields": {"name": "Can view product", "content_type": 10, "codename": "view_product"}}, {"model": "auth.permission", "pk": 41, "fields": {"name": "Can add wishlist", "content_type": 11, "codename": "add_wishlist"}}, {"model": "auth.permission", "pk": 42, "fields": {"name": "Can change wishlist", "content_type": 11, "codename": "change_wishlist"}}, {"model": "auth.permission", "pk": 43, "fields": {"name": "Can delete wishlist", "content_type": 11, "codename": "delete_wishlist"}}, {"model": "auth.permission", "pk": 44, "fields": {"name": "Can view wishlist", "content_type": 11, "codename": "view_wishlist"}}, {"model": "auth.permission", "pk": 45, "fields": {"name": "Can add sub category", "content_type": 12, "codename": "add_subcategory"}}, {"model": "auth.permission", "pk": 46, "fields": {"name": "Can change sub category", "content_type": 12, "codename": "change_subcategory"}}, {"model": "auth.permission", "pk": 47, "fields": {"name": "Can delete sub category", "content_type": 12, "codename": "delete_subcategory"}}, {"model": "auth.permission", "pk": 48, "fields": {"name": "Can view sub category", "content_type": 12, "codename": "view_subcategory"}}, {"model": "auth.permission", "pk": 49, "fields": {"name": "Can add sub banners2", "content_type": 13, "codename": "add_subbanners2"}}, {"model": "auth.permission", "pk": 50, "fields": {"name": "Can change sub banners2", "content_type": 13, "codename": "change_subbanners2"}}, {"model": "auth.permission", "pk": 51, "fields": {"name": "Can delete sub banners2", "content_type": 13, "codename": "delete_subbanners2"}}, {"model": "auth.permission", "pk": 52, "fields": {"name": "Can view sub banners2", "content_type": 13, "codename": "view_subbanners2"}}, {"model": "auth.permission", "pk": 53, "fields": {"name": "Can add sub banners1", "content_type": 14, "codename": "add_subbanners1"}}, {"model": "auth.permission", "pk": 54, "fields": {"name": "Can change sub banners1", "content_type": 14, "codename": "change_subbanners1"}}, {"model": "auth.permission", "pk": 55, "fields": {"name": "Can delete sub banners1", "content_type": 14, "codename": "delete_subbanners1"}}, {"model": "auth.permission", "pk": 56, "fields": {"name": "Can view sub banners1", "content_type": 14, "codename": "view_subbanners1"}}, {"model": "auth.permission", "pk": 57, "fields": {"name": "Can add main banner", "content_type": 15, "codename": "add_mainbanner"}}, {"model": "auth.permission", "pk": 58, "fields": {"name": "Can change main banner", "content_type": 15, "codename": "change_mainbanner"}}, {"model": "auth.permission", "pk": 59, "fields": {"name": "Can delete main banner", "content_type": 15, "codename": "delete_mainbanner"}}, {"model": "auth.permission", "pk": 60, "fields": {"name": "Can view main banner", "content_type": 15, "codename": "view_mainbanner"}}, {"model": "auth.permission", "pk": 61, "fields": {"name": "Can add header flash", "content_type": 16, "codename": "add_headerflash"}}, {"model": "auth.permission", "pk": 62, "fields": {"name": "Can change header flash", "content_type": 16, "codename": "change_headerflash"}}, {"model": "auth.permission", "pk": 63, "fields": {"name": "Can delete header flash", "content_type": 16, "codename": "delete_headerflash"}}, {"model": "auth.permission", "pk": 64, "fields": {"name": "Can view header flash", "content_type": 16, "codename": "view_headerflash"}}, {"model": "auth.permission", "pk": 65, "fields": {"name": "Can add coupon applied", "content_type": 17, "codename": "add_couponapplied"}}, {"model": "auth.permission", "pk": 66, "fields": {"name": "Can change coupon applied", "content_type": 17, "codename": "change_couponapplied"}}, {"model": "auth.permission", "pk": 67, "fields": {"name": "Can delete coupon applied", "content_type": 17, "codename": "delete_couponapplied"}}, {"model": "auth.permission", "pk": 68, "fields": {"name": "Can view coupon applied", "content_type": 17, "codename": "view_couponapplied"}}, {"model": "auth.permission", "pk": 69, "fields": {"name": "Can add change password", "content_type": 18, "codename": "add_changepassword"}}, {"model": "auth.permission", "pk": 70, "fields": {"name": "Can change change password", "content_type": 18, "codename": "change_changepassword"}}, {"model": "auth.permission", "pk": 71, "fields": {"name": "Can delete change password", "content_type": 18, "codename": "delete_changepassword"}}, {"model": "auth.permission", "pk": 72, "fields": {"name": "Can view change password", "content_type": 18, "codename": "view_changepassword"}}, {"model": "auth.permission", "pk": 73, "fields": {"name": "Can add cart", "content_type": 19, "codename": "add_cart"}}, {"model": "auth.permission", "pk": 74, "fields": {"name": "Can change cart", "content_type": 19, "codename": "change_cart"}}, {"model": "auth.permission", "pk": 75, "fields": {"name": "Can delete cart", "content_type": 19, "codename": "delete_cart"}}, {"model": "auth.permission", "pk": 76, "fields": {"name": "Can view cart", "content_type": 19, "codename": "view_cart"}}, {"model": "auth.permission", "pk": 77, "fields": {"name": "Can add add to cart", "content_type": 20, "codename": "add_addtocart"}}, {"model": "auth.permission", "pk": 78, "fields": {"name": "Can change add to cart", "content_type": 20, "codename": "change_addtocart"}}, {"model": "auth.permission", "pk": 79, "fields": {"name": "Can delete add to cart", "content_type": 20, "codename": "delete_addtocart"}}, {"model": "auth.permission", "pk": 80, "fields": {"name": "Can view add to cart", "content_type": 20, "codename": "view_addtocart"}}, {"model": "auth.permission", "pk": 81, "fields": {"name": "Can add admin number", "content_type": 21, "codename": "add_adminnumber"}}, {"model": "auth.permission", "pk": 82, "fields": {"name": "Can change admin number", "content_type": 21, "codename": "change_adminnumber"}}, {"model": "auth.permission", "pk": 83, "fields": {"name": "Can delete admin number", "content_type": 21, "codename": "delete_adminnumber"}}, {"model": "auth.permission", "pk": 84, "fields": {"name": "Can view admin number", "content_type": 21, "codename": "view_adminnumber"}}, {"model": "contenttypes.contenttype", "pk": 1, "fields": {"app_label": "admin", "model": "logentry"}}, {"model": "contenttypes.contenttype", "pk": 2, "fields": {"app_label": "auth", "model": "permission"}}, {"model": "contenttypes.contenttype", "pk": 3, "fields": {"app_label": "auth", "model": "group"}}, {"model": "contenttypes.contenttype", "pk": 4, "fields": {"app_label": "contenttypes", "model": "contenttype"}}, {"model": "contenttypes.contenttype", "pk": 5, "fields": {"app_label": "sessions", "model": "session"}}, {"model": "contenttypes.contenttype", "pk": 6, "fields": {"app_label": "user", "model": "login"}}, {"model": "contenttypes.contenttype", "pk": 7, "fields": {"app_label": "user", "model": "category"}}, {"model": "contenttypes.contenttype", "pk": 8, "fields": {"app_label": "user", "model": "coupon"}}, {"model": "contenttypes.contenttype", "pk": 9, "fields": {"app_label": "user", "model": "customer"}}, {"model": "contenttypes.contenttype", "pk": 10, "fields": {"app_label": "user", "model": "product"}}, {"model": "contenttypes.contenttype", "pk": 11, "fields": {"app_label": "user", "model": "wishlist"}}, {"model": "contenttypes.contenttype", "pk": 12, "fields": {"app_label": "user", "model": "subcategory"}}, {"model": "contenttypes.contenttype", "pk": 13, "fields": {"app_label": "user", "model": "subbanners2"}}, {"model": "contenttypes.contenttype", "pk": 14, "fields": {"app_label": "user", "model": "subbanners1"}}, {"model": "contenttypes.contenttype", "pk": 15, "fields": {"app_label": "user", "model": "mainbanner"}}, {"model": "contenttypes.contenttype", "pk": 16, "fields": {"app_label": "user", "model": "headerflash"}}, {"model": "contenttypes.contenttype", "pk": 17, "fields": {"app_label": "user", "model": "couponapplied"}}, {"model": "contenttypes.contenttype", "pk": 18, "fields": {"app_label": "user", "model": "changepassword"}}, {"model": "contenttypes.contenttype", "pk": 19, "fields": {"app_label": "user", "model": "cart"}}, {"model": "contenttypes.contenttype", "pk": 20, "fields": {"app_label": "user", "model": "addtocart"}}, {"model": "contenttypes.contenttype", "pk": 21, "fields": {"app_label": "user", "model": "adminnumber"}}, {"model": "sessions.session", "pk": "01jz0hbudsyhehfvq6rgh9tbyzd66dc1", "fields": {"session_data": "e30:1pjOnz:M8X1JxMa_xuZedSwiH5S8SGAvx9PO6BjbqUq6fODrq4", "expire_date": "2023-04-17T18:21:23.008Z"}}, {"model": "sessions.session", "pk": "4g2xihsd69kme7r684top2tzf4g305lb", "fields": {"session_data": ".eJxVjMEOwiAQRP-FsyFAEYpH734DWdhdqRpISnsy_rtt0oOeJpn3Zt4iwrqUuHaa44TiIow4_XYJ8pPqDvAB9d5kbnWZpyR3RR60y1tDel0P9--gQC_b2jodkjMeM3s16BS28AZNonHQqBWcXdbZgmFWAEyjRgayFg0xB8Xi8wXigzi0:1ozxye:DAjqpu8YwR2yrCa16gV2PUR5WR9Hp0YlOqzpKvfXkfk", "expire_date": "2022-12-13T10:36:36.827Z"}}, {"model": "sessions.session", "pk": "4nwufvxf8g4vl4rgni7bey40wm38jyc8", "fields": {"session_data": ".eJxVjDsOwjAQBe_iGln-rLGXkj5nsHa9CQkgW8qnQtwdIqWA9s3Me6lM2zrmbennPIm6KKtOvxtTefR1B3Knemu6tLrOE-td0QdddNekf14P9-9gpGX81pHJ2GK9dQ69L2fnaeAEElIQcGwwCMkQAYQ4ETjrEVMCa3iIGBHU-wPLfzcR:1pCGPv:9wA_LlnAsejMGMOstKznpIe3LhDV5Z1hPOHANFwH1vw", "expire_date": "2023-01-16T08:43:35.225Z"}}, {"model": "sessions.session", "pk": "9z650gg3mwowy74bwdwytmpv7v6mb83w", "fields": {"session_data": "e30:1paCwe:QTjNSo_w597sS3vJeIvR8qCbl3tRQN_m9SXhqT2bbG8", "expire_date": "2023-03-23T09:52:20.486Z"}}, {"model": "sessions.session", "pk": "b1kk01gw0k13aull2w1zc6kbs6c270rz", "fields": {"session_data": ".eJxVjDsOwjAQBe_iGln-rLGXkj5nsHa9CQkgW8qnQtwdIqWA9s3Me6lM2zrmbennPIm6KKtOvxtTefR1B3Knemu6tLrOE-td0QdddNekf14P9-9gpGX81pHJ2GK9dQ69L2fnaeAEElIQcGwwCMkQAYQ4ETjrEVMCa3iIGBHU-wPLfzcR:1p3b4d:T5kZPXsn12gAtcDM7RB886gxuXT4ucsT_PjyCevltbs", "expire_date": "2022-12-23T10:57:47.867Z"}}, {"model": "sessions.session", "pk": "celax7p4mtqkh2sz8hb682119v1vc2we", "fields": {"session_data": "e30:1pCjU7:waZyHCvqXlrv39oEa4btdqRh9zFPb6bcZv_nyceWLuQ", "expire_date": "2023-01-17T15:45:51.554Z"}}, {"model": "sessions.session", "pk": "d74ain1e033wy58v4jocibextpxe1wbt", "fields": {"session_data": ".eJxVjDsOwjAQBe_iGln-rLGXkj5nsHa9CQkgW8qnQtwdIqWA9s3Me6lM2zrmbennPIm6KKtOvxtTefR1B3Knemu6tLrOE-td0QdddNekf14P9-9gpGX81pHJ2GK9dQ69L2fnaeAEElIQcGwwCMkQAYQ4ETjrEVMCa3iIGBHU-wPLfzcR:1pCbCe:iargzxvKwce82YCTeVZQs5TajsDHDoaOwlnc0kXyeV4", "expire_date": "2023-01-17T06:55:16.334Z"}}, {"model": "sessions.session", "pk": "e02lmyh2rxo44hfd3weizncl0w6z7xbh", "fields": {"session_data": "e30:1pjOnz:M8X1JxMa_xuZedSwiH5S8SGAvx9PO6BjbqUq6fODrq4", "expire_date": "2023-04-17T18:21:23.006Z"}}, {"model": "sessions.session", "pk": "eofdu8x0ftj6r6wpdifges3gjrdh9u9f", "fields": {"session_data": ".eJxVjEEOgjAQRe_StWlkWpjWpXvOQGY6U0FNSSisjHdXEha6_e-9_zIDbes4bFWXYRJzMc6cfjem9NCyA7lTuc02zWVdJra7Yg9abT-LPq-H-3cwUh2_dUD1oBmzAwBU9LFpMnfCKF2rnANnUAaNoYkBXCt0dj55JA6UUivm_QHsfTh1:1ozwI3:TDiKADRGradpQChbyzdNVLqn77NLi7gz9lcvUo4xuCQ", "expire_date": "2022-12-13T08:48:31.641Z"}}, {"model": "sessions.session", "pk": "h5d7dsjwi4vis8mdshipdk4eynzn6gj5", "fields": {"session_data": ".eJxVjDsOwjAQBe_iGln-rLGXkj5nsHa9CQkgW8qnQtwdIqWA9s3Me6lM2zrmbennPIm6KKtOvxtTefR1B3Knemu6tLrOE-td0QdddNekf14P9-9gpGX81pHJ2GK9dQ69L2fnaeAEElIQcGwwCMkQAYQ4ETjrEVMCa3iIGBHU-wPLfzcR:1pCIEg:JbZyNQDpc5PRsdeirMj_IrPtxEKf7Yp5xCzWR3eq75M", "expire_date": "2023-01-16T10:40:06.749Z"}}, {"model": "sessions.session", "pk": "hji7fjqtmdaltg8ot9jjp2ntaubl7zak", "fields": {"session_data": "e30:1pjK6t:0nfEtXG0LUSk2zMV0Wc-Bs8233RfGquXLbXUoA3Jxro", "expire_date": "2023-04-17T13:20:35.890Z"}}, {"model": "sessions.session", "pk": "hpwh19mkj05zyr47furtn7m0i3rok7do", "fields": {"session_data": "e30:1pDI3e:Azi8FSf5PROBRWF91hsbq_8ocwMNimMnC7cjBGY4ytU", "expire_date": "2023-01-19T04:40:50.604Z"}}, {"model": "sessions.session", "pk": "hwsv6hk6nl0zolyr0pqgskwep8lplvs8", "fields": {"session_data": "e30:1paCwh:BVAf0_nPNXZqpDS5B5M2Uo2MlmGDrw3eJwcvpeng68Q", "expire_date": "2023-03-23T09:52:23.161Z"}}, {"model": "sessions.session", "pk": "irdvu8kt382jgt9ztubxjtvx2jjxcxmx", "fields": {"session_data": ".eJxVjDsOwjAQBe_iGln-rLGXkj5nsHa9CQkgW8qnQtwdIqWA9s3Me6lM2zrmbennPIm6KKtOvxtTefR1B3Knemu6tLrOE-td0QdddNekf14P9-9gpGX81pHJ2GK9dQ69L2fnaeAEElIQcGwwCMkQAYQ4ETjrEVMCa3iIGBHU-wPLfzcR:1q4JBc:U9TA-XWPb8Xbx0KExjtvjI35k1m_R4dDJAbxB5KKWBQ", "expire_date": "2023-06-14T10:36:12.130Z"}}, {"model": "sessions.session", "pk": "jye89jlmspioy0m587r9y5o967r1lgyh", "fields": {"session_data": "e30:1q4JAC:dPRq0NKLS7X-1fDfEFuUii96dRethVD0oc6pjCPeReU", "expire_date": "2023-06-14T10:34:44.850Z"}}, {"model": "sessions.session", "pk": "kbbwx5z8ug9475y3wob7fhsbn0r8fx3w", "fields": {"session_data": "e30:1paCwe:QTjNSo_w597sS3vJeIvR8qCbl3tRQN_m9SXhqT2bbG8", "expire_date": "2023-03-23T09:52:20.480Z"}}, {"model": "sessions.session", "pk": "ki550j9pxg1srie19mirrq75x94m0k4x", "fields": {"session_data": "e30:1pCHqk:bicHD74Zd2RGkUOdUVK7jCHPVYznpRbuXU_fg2LywLE", "expire_date": "2023-01-16T10:15:22.234Z"}}, {"model": "sessions.session", "pk": "kk1mtsoytymcnvjqjuphx9d2papu8dif", "fields": {"session_data": ".eJxVjMEOwiAQRP-FsyFAEYpH734DWdhdqRpISnsy_rtt0oOeJpn3Zt4iwrqUuHaa44TiIow4_XYJ8pPqDvAB9d5kbnWZpyR3RR60y1tDel0P9--gQC_b2jodkjMeM3s16BS28AZNonHQqBWcXdbZgmFWAEyjRgayFg0xB8Xi8wXigzi0:1ozafB:_FiKVIczgMzghydHYycZHVXBYzNKeEw-03ADUSY63C0", "expire_date": "2022-12-12T09:42:57.043Z"}}, {"model": "sessions.session", "pk": "kv5ch7v1i15v0l25qeflbtcxqy5chg2x", "fields": {"session_data": ".eJxVjDsOwjAQBe_iGln-rLGXkj5nsHa9CQkgW8qnQtwdIqWA9s3Me6lM2zrmbennPIm6KKtOvxtTefR1B3Knemu6tLrOE-td0QdddNekf14P9-9gpGX81pHJ2GK9dQ69L2fnaeAEElIQcGwwCMkQAYQ4ETjrEVMCa3iIGBHU-wPLfzcR:1p0ex6:o1GKZ7OEjJBunAN3eH311dBPXegmw5PJAzeg-MP7Yq0", "expire_date": "2022-12-15T08:29:52.754Z"}}, {"model": "sessions.session", "pk": "mkq16u4du6ls13iic9y9s027wh209dfb", "fields": {"session_data": "e30:1paCwe:QTjNSo_w597sS3vJeIvR8qCbl3tRQN_m9SXhqT2bbG8", "expire_date": "2023-03-23T09:52:20.501Z"}}, {"model": "sessions.session", "pk": "rc1mdj5lzmjoblp0a18qb1ud3m65eh5j", "fields": {"session_data": "e30:1paCwe:QTjNSo_w597sS3vJeIvR8qCbl3tRQN_m9SXhqT2bbG8", "expire_date": "2023-03-23T09:52:20.482Z"}}, {"model": "sessions.session", "pk": "sy0gd7mdluaha0qph7tmleya5axxyxrh", "fields": {"session_data": ".eJxVjDsOwjAQBe_iGln-rLGXkj5nsHa9CQkgW8qnQtwdIqWA9s3Me6lM2zrmbennPIm6KKtOvxtTefR1B3Knemu6tLrOE-td0QdddNekf14P9-9gpGX81pHJ2GK9dQ69L2fnaeAEElIQcGwwCMkQAYQ4ETjrEVMCa3iIGBHU-wPLfzcR:1ozj1i:E7wsgnyC7LNqNFm-_Ss37GIrmnzIzAb2m3GDjuodtSE", "expire_date": "2022-12-12T18:38:46.306Z"}}, {"model": "sessions.session", "pk": "tyc4bvre9lazzs8w7su0fwvibvrzbjxh", "fields": {"session_data": ".eJxVjDsOwjAQBe_iGln-rLGXkj5nsHa9CQkgW8qnQtwdIqWA9s3Me6lM2zrmbennPIm6KKtOvxtTefR1B3Knemu6tLrOE-td0QdddNekf14P9-9gpGX81pHJ2GK9dQ69L2fnaeAEElIQcGwwCMkQAYQ4ETjrEVMCa3iIGBHU-wPLfzcR:1ozzGD:lLy6P7a3d_GJ9YHf_XWsz1cq2CWFY0W1p3VILq5I0OA", "expire_date": "2022-12-13T11:58:49.988Z"}}, {"model": "sessions.session", "pk": "un3leshx78mgdq3tdiiz5hj0hgk5j5if", "fields": {"session_data": "e30:1pFrKl:Xu2GQym8lQOW_Y46yN2HxfSP372SolvdCU9067_oouQ", "expire_date": "2023-01-26T06:45:07.584Z"}}, {"model": "sessions.session", "pk": "xvn90bmia85og4g2jiuz37cv9wvcvyno", "fields": {"session_data": "e30:1pCIB6:lGjnvPYCTmcgxVkr2areXhLsnzQ1EYK973NCWmfktU4", "expire_date": "2023-01-16T10:36:24.157Z"}}, {"model": "sessions.session", "pk": "yd8a8z2jatxpiff0ozraf7plurlkps0a", "fields": {"session_data": "e30:1pGb2Q:iqaLsZ5JDz09jfk5uioysx-tg4z6tO9Sc0v6UQJQfow", "expire_date": "2023-01-28T07:33:14.472Z"}}, {"model": "sessions.session", "pk": "yxpue6lnmsst3x4217xhgklhp2x70k49", "fields": {"session_data": "e30:1paCwe:QTjNSo_w597sS3vJeIvR8qCbl3tRQN_m9SXhqT2bbG8", "expire_date": "2023-03-23T09:52:20.481Z"}}, {"model": "sessions.session", "pk": "zw2jle4j2rh0xhlrct5dzke7ja1twr3u", "fields": {"session_data": "e30:1pjOnz:M8X1JxMa_xuZedSwiH5S8SGAvx9PO6BjbqUq6fODrq4", "expire_date": "2023-04-17T18:21:23.007Z"}}, {"model": "user.login", "pk": 1, "fields": {"password": "pbkdf2_sha256$390000$4Ryw1zLjCVvuGWU2EU6n41$HbFA9YTAJoZzRn0MLTays3m2kToaCuulZWNu0mCstC0=", "last_login": "2023-05-31T10:36:12.126Z", "is_superuser": true, "username": "admin", "first_name": "", "last_name": "", "email": "", "is_staff": true, "is_active": true, "date_joined": "2022-11-26T09:30:24.387Z", "is_customer": false, "groups": [], "user_permissions": []}}, {"model": "user.login", "pk": 2, "fields": {"password": "pbkdf2_sha256$390000$MJ55VFul6cFOGooEs0qvw8$12g5dWk74hfZZUArirMCEagMRn51nrNK10F/w8oQXVE=", "last_login": "2022-11-29T10:36:36.824Z", "is_superuser": false, "username": "Ajin", "first_name": "", "last_name": "", "email": "", "is_staff": false, "is_active": true, "date_joined": "2022-11-28T09:42:27.561Z", "is_customer": true, "groups": [], "user_permissions": []}}, {"model": "user.login", "pk": 3, "fields": {"password": "pbkdf2_sha256$390000$uVS8KIkM6YQNGtlns71bxv$nYOhafEouO7RzOIMXtH33EVXBesL2hA0k7+wUDuelhc=", "last_login": "2022-11-29T08:48:31.635Z", "is_superuser": false, "username": "ameera", "first_name": "", "last_name": "", "email": "", "is_staff": false, "is_active": true, "date_joined": "2022-11-29T08:48:23.119Z", "is_customer": true, "groups": [], "user_permissions": []}}, {"model": "user.customer", "pk": 1, "fields": {"user": 2, "customer_name": "Ajin", "phone_number": "7025010144", "email": "ajinjayan6@gmail.com", "address": "Vadakara"}}, {"model": "user.customer", "pk": 2, "fields": {"user": 3, "customer_name": "ajin", "phone_number": "8075268424", "email": "ameera@gmail.com", "address": "vada"}}, {"model": "user.adminnumber", "pk": 1, "fields": {"name": "ajin", "phone_number": "7025010144"}}, {"model": "user.adminnumber", "pk": 34, "fields": {"name": "ajin", "phone_number": "7025010144"}}, {"model": "user.category", "pk": 1, "fields": {"category": "Poultry", "image": "categories/243-2431425_chicken-drumstick-legs-png-png-download-raw-chicken.png"}}, {"model": "user.category", "pk": 2, "fields": {"category": "Fish & Seafood", "image": "categories/fish-png-photo-transparent-download-29.png"}}, {"model": "user.category", "pk": 3, "fields": {"category": "Mutton", "image": "categories/png-clipart-goat-meat-anglo-nubian-goat-halal-gosht-meat-food-cheese.png"}}, {"model": "user.category", "pk": 4, "fields": {"category": "Steaks & Fillet", "image": "categories/png-transparent-sifillet-steak-barbecue-food-beef.png"}}, {"model": "user.subcategory", "pk": 1, "fields": {"subcategory": "pant", "category": 1}}, {"model": "user.subcategory", "pk": 2, "fields": {"subcategory": "top", "category": 2}}, {"model": "user.subcategory", "pk": 3, "fields": {"subcategory": "shirt-men", "category": 1}}, {"model": "user.subcategory", "pk": 4, "fields": {"subcategory": "t-shirt (w)", "category": 2}}, {"model": "user.subcategory", "pk": 5, "fields": {"subcategory": "Fishes", "category": 2}}, {"model": "user.subcategory", "pk": 6, "fields": {"subcategory": "Tuna Fish", "category": 2}}, {"model": "user.subcategory", "pk": 7, "fields": {"subcategory": "Red Snapper", "category": 2}}, {"model": "user.subcategory", "pk": 8, "fields": {"subcategory": "Naadan Mathi", "category": 2}}, {"model": "user.subcategory", "pk": 9, "fields": {"subcategory": "Chicken Liver", "category": 1}}, {"model": "user.subcategory", "pk": 10, "fields": {"subcategory": "Boneless Chicken", "category": 1}}, {"model": "user.subcategory", "pk": 11, "fields": {"subcategory": "Premium Chicken Skinless", "category": 1}}, {"model": "user.subcategory", "pk": 12, "fields": {"subcategory": "Tender Goat", "category": 3}}, {"model": "user.subcategory", "pk": 13, "fields": {"subcategory": "Motton Soup Bone", "category": 3}}, {"model": "user.subcategory", "pk": 14, "fields": {"subcategory": "Premium Leg Boneless", "category": 3}}, {"model": "user.subcategory", "pk": 16, "fields": {"subcategory": "Fresh Indian Baasa", "category": 4}}, {"model": "user.subcategory", "pk": 17, "fields": {"subcategory": "Sail Fish / Ola Meen", "category": 4}}, {"model": "user.product", "pk": 6, "fields": {"product": "Whole", "image": "products/big_eye_snapper.jpeg", "sub_image1": "", "sub_image2": "", "sub_image3": "", "category": null, "subcategory": 5, "old_price": 350, "new_price": 230, "quantity": 10, "description": "A tasty snapper which looks very beautiful, so much so that it is said that a leading female movie actor was named after this fish (wait...or was it the other way around?). In any case, tastes great.", "is_top_save_today": true, "is_best_seller": true}}, {"model": "user.product", "pk": 7, "fields": {"product": "Sail Fish / Ola Meen - Fillet (240g to 260g Pack)", "image": "products/sail_fillets.jpg", "sub_image1": "", "sub_image2": "", "sub_image3": "", "category": null, "subcategory": 17, "old_price": 500, "new_price": 430, "quantity": 50, "description": "Very large fish with a really hard Meat. Wont work for curries or grills which require soft flesh, but its amazingly good for Meat Roasts, Pickles, Dry Fries that require the fish to be cooked in a pressure cooker.   Storage Instructions: Store under", "is_top_save_today": true, "is_best_seller": false}}, {"model": "user.product", "pk": 8, "fields": {"product": "Sail Fish / Ola Meen - Loin Cut (230g to 250g Pack)", "image": "products/sail_fish_ola_meen_loin_cut.jpg", "sub_image1": "", "sub_image2": "", "sub_image3": "", "category": null, "subcategory": 17, "old_price": 460, "new_price": 430, "quantity": 50, "description": "Very large fish with a really hard Meat. Wont work for curries or grills which require soft flesh, but its amazingly good for Meat Roasts, Pickles, Dry Fries that require the fish to be cooked in a pressure cooker.   Storage Instructions: Store under", "is_top_save_today": true, "is_best_seller": false}}, {"model": "user.product", "pk": 9, "fields": {"product": "Fresh Indian Baasa / Pangasius / Pangas - Boneless Cubes 200g Pack", "image": "products/indian_basa_cubes_1.jpg", "sub_image1": "", "sub_image2": "", "sub_image3": "", "category": null, "subcategory": 16, "old_price": 500, "new_price": 450, "quantity": 60, "description": "Add to Cart This true swadeshi product has rose coloured meat and is nothing like the frozen, many months old, bleached white Vietnam Baasa available in retail stores. Has a lot of tasty & healthy fish oil and doesn't really require extra oil for coo", "is_top_save_today": true, "is_best_seller": false}}, {"model": "user.product", "pk": 10, "fields": {"product": "Fresh Indian Baasa / Pangasius - Boneless Fillet 250g Pack", "image": "products/indian_baasa_1.jpg", "sub_image1": "", "sub_image2": "", "sub_image3": "", "category": null, "subcategory": 16, "old_price": 700, "new_price": 650, "quantity": 60, "description": "Anchovy / Kozhuva / Natholi | Barracuda / Cheelavu | Pomfret / Avoli | Threadfin Bream / Kilimeen / Goat Fish | Butter Fish / Punnarameen | Cobia / Motha | Emperor / Eari | Garfish / Kola | Grey Mullet / Thirutha | Grouper / Reef Cods / Kalava | Mack", "is_top_save_today": true, "is_best_seller": false}}, {"model": "user.product", "pk": 11, "fields": {"product": "Premium Tender Goat - Biryani Cut (480g to 500g Pack)", "image": "products/goat_biryani_cut_1.jpeg", "sub_image1": "", "sub_image2": "", "sub_image3": "", "category": null, "subcategory": 12, "old_price": null, "new_price": null, "quantity": 50, "description": "They say we are choosy with our meats - you will believe it when we tell you that we only serve the very premium young male goat approximately 6-8 months old with meat so tender that it will melt in your mouth. We apologise in advance to the non-goat", "is_top_save_today": true, "is_best_seller": false}}, {"model": "user.product", "pk": 12, "fields": {"product": "Premium Goat - Chops (480g to 500g Pack)", "image": "products/goat_chops2_2.jpg", "sub_image1": "", "sub_image2": "", "sub_image3": "", "category": null, "subcategory": 12, "old_price": null, "new_price": null, "quantity": 50, "description": "All hail the King of Grills - the Goat Chops! From the finest young male goat - so tender that only very little cooking is required.   Storage Instructions: Store under refrigeration at 4C or below, in hygienic conditions  Marketed By: Freshalicious", "is_top_save_today": false, "is_best_seller": false}}, {"model": "user.product", "pk": 13, "fields": {"product": "Mutton Soup Bones (480 - 500g Pack)", "image": "products/mutton_soup_bones.jpeg", "sub_image1": "", "sub_image2": "", "sub_image3": "", "category": null, "subcategory": 13, "old_price": null, "new_price": null, "quantity": 50, "description": "Cleaned mutton bones for soup   Storage Instructions: Store under refrigeration at 4C or below, in hygienic conditions  Marketed By: Freshalicious Super Bazaar Pvt. Ltd. No. 42, Chikkagubbi Village, Bangalore East Taluk, Bangalore Urban, Karnataka -", "is_top_save_today": true, "is_best_seller": false}}, {"model": "user.product", "pk": 14, "fields": {"product": "Combo: (500g Premium Tender Goat Curry Cut + 500g Premium Tender", "image": "products/chicken_curry_cut_mutton_curry_cut_6.jpg", "sub_image1": "", "sub_image2": "", "sub_image3": "", "category": null, "subcategory": 13, "old_price": 799, "new_price": 699, "quantity": 50, "description": "* 500g Premium Tender Goat Curry Cut  * 500g Premium Tender & Antibiotic-residue-free Chicken Skinless Curry Cut   Storage Instructions: Store under refrigeration at 4C or below, in hygienic conditions  Marketed By: Freshalicious Super Bazaar Pvt. L", "is_top_save_today": true, "is_best_seller": false}}, {"model": "user.product", "pk": 15, "fields": {"product": "Premium Goat Raan / Leg Portion (700g to 900g)", "image": "products/goat_whole_leg.jpg", "sub_image1": "", "sub_image2": "", "sub_image3": "", "category": null, "subcategory": 14, "old_price": 750, "new_price": 650, "quantity": 6, "description": "Premium Goat Raan / Whole Leg   Storage Instructions: Store under refrigeration at 4C or below, in hygienic conditions  Marketed By: Freshalicious Super Bazaar Pvt. Ltd. No. 42, Chikkagubbi Village, Bangalore East Taluk, Bangalore Urban, Karnataka -", "is_top_save_today": false, "is_best_seller": false}}, {"model": "user.product", "pk": 16, "fields": {"product": "Premium Goat - Shanks (3 piece / 380g to 420g Pack)", "image": "products/mutton_shank-3pc_1.jpg", "sub_image1": "", "sub_image2": "", "sub_image3": "", "category": null, "subcategory": 14, "old_price": 1200, "new_price": 1000, "quantity": 5, "description": "Shanks made out of the finest Goat in town .  Number of Shanks: 3 pieces Weight: 380g to 420g   Storage Instructions: Store under refrigeration at 4C or below, in hygienic conditions  Marketed By: Freshalicious Super Bazaar Pvt. Ltd. No. 42, Chikkag", "is_top_save_today": true, "is_best_seller": false}}, {"model": "user.product", "pk": 17, "fields": {"product": "Premium Antibiotic-residue-free Chicken Liver (Liver)", "image": "products/chicken-liver_2.jpg", "sub_image1": "", "sub_image2": "", "sub_image3": "", "category": null, "subcategory": 9, "old_price": 900, "new_price": 800, "quantity": 1400, "description": "Highly rich in iron, Chicken liver is low in Sodium. It is also a good source of Thiamin, Zinc, Copper and Manganese, and a very good source of Protein, Vitamin A, Vitamin C, Riboflavin, Niacin, Vitamin B6, Folate, Vitamin B12, Pantothenic Acid, Iron", "is_top_save_today": true, "is_best_seller": false}}, {"model": "user.product", "pk": 18, "fields": {"product": "residue-free Chicken Liver (Liver)", "image": "products/chicken_liver.jpeg", "sub_image1": "", "sub_image2": "", "sub_image3": "", "category": null, "subcategory": 9, "old_price": 500, "new_price": 300, "quantity": 200, "description": "Highly rich in iron, Chicken liver is low in Sodium. It is also a good source of Thiamin, Zinc, Copper and Manganese, and a very good source of Protein, Vitamin A, Vitamin C, Riboflavin, Niacin, Vitamin B6, Folate, Vitamin B12, Pantothenic Acid, Iron", "is_top_save_today": true, "is_best_seller": false}}, {"model": "user.product", "pk": 19, "fields": {"product": "free Chicken Thigh Boneless (230g to 250g Pack)", "image": "products/thighs_1_CeEFYtC.jpg", "sub_image1": "", "sub_image2": "", "sub_image3": "", "category": 1, "subcategory": 10, "old_price": 300, "new_price": 290, "quantity": 90, "description": "The ultimate chicken thighs, tastiest when Tandoor-ed or fried.   Storage Instructions: Store under refrigeration at 4C or below, in hygienic conditions  Marketed By: Freshalicious Super Bazaar Pvt. Ltd. No. 42, Chikkagubbi Village, Bangalore East T", "is_top_save_today": true, "is_best_seller": false}}, {"model": "user.product", "pk": 20, "fields": {"product": "Premium Antibiotic-residue-free Chicken Thigh Curry Cut", "image": "products/chicken_thigh_piece_curry_cut.jpg", "sub_image1": "", "sub_image2": "", "sub_image3": "", "category": 1, "subcategory": 10, "old_price": 550, "new_price": 450, "quantity": 800, "description": "Naturally reared birds that are tender and have extremely tasty meat. Absolute guarantee that no anti-biotic residue remains in the chicken. No growth promoters have been used on the birds and these are processed in absolutely modern hygienic conditi", "is_top_save_today": true, "is_best_seller": false}}, {"model": "user.product", "pk": 21, "fields": {"product": "Premium Tender and Antibiotic-residue-free Chicken - Curry Cut (Skinless)", "image": "products/chicken_curry_500gm_1_.jpeg", "sub_image1": "", "sub_image2": "", "sub_image3": "", "category": 1, "subcategory": 11, "old_price": 380, "new_price": 300, "quantity": 200, "description": "Tender cuts of chicken, straight from the farm. No antibiotics, growth promoting hormones or any of the bad stuff. Naturally reared for tastier meat. Cleaned and cut in a state-of-the-art HACCP certified processing centre.  No Gizzard No Liver No win", "is_top_save_today": true, "is_best_seller": false}}, {"model": "user.product", "pk": 22, "fields": {"product": "Premium Chicken Thigh Bone-In (Skinless)", "image": "products/chicken_thigh_2_1.jpg", "sub_image1": "", "sub_image2": "", "sub_image3": "", "category": 1, "subcategory": 11, "old_price": 180, "new_price": 160, "quantity": 500, "description": "The ultimate chicken Bone-In thigh portion, tastiest when Tandoor-ed or fried.   Storage Instructions: Store under refrigeration at 4C or below, in hygienic conditions  Marketed By: Freshalicious Super Bazaar Pvt. Ltd. No. 42, Chikkagubbi Village, B", "is_top_save_today": true, "is_best_seller": false}}, {"model": "user.product", "pk": 23, "fields": {"product": "Tuna / Choora / Choorai (1kg to 5kg)", "image": "products/tuna_whole_3.jpg", "sub_image1": "", "sub_image2": "", "sub_image3": "", "category": 2, "subcategory": 6, "old_price": 500, "new_price": 450, "quantity": 9000, "description": "What would the world do without the humble tuna? Easily among the largest consumed food in the world. We provide you the fresh, right off the boat avatar and not the many months old canned variety.It is of Darker pink color meat   Storage Instruction", "is_top_save_today": true, "is_best_seller": false}}, {"model": "user.product", "pk": 24, "fields": {"product": "Yellow Fin Tuna / Kera (7kg to 35kg)", "image": "products/yellow_fin_tuna_whole.jpg", "sub_image1": "", "sub_image2": "", "sub_image3": "", "category": 2, "subcategory": 6, "old_price": 350, "new_price": 300, "quantity": 90, "description": "What would the world do without the humble tuna? Easily among the largest consumed food in the world. We provide you the fresh, right off the boat avatar and not the many months old canned variety.It is of Darker pink color meat   Storage Instruction", "is_top_save_today": true, "is_best_seller": false}}, {"model": "user.product", "pk": 25, "fields": {"product": "Red Snapper / Chempalli / Ran", "image": "products/red-snapper_big.jpg", "sub_image1": "", "sub_image2": "", "sub_image3": "", "category": 2, "subcategory": 7, "old_price": 250, "new_price": 200, "quantity": 900, "description": "If there were a Miss Universe competition for fish, Red Snapper would definitely win hands down. Very very tasty fish with soft flesh which can be made in to a fillet easily   Storage Instructions: Store under refrigeration at 4C or below, in hygien", "is_top_save_today": true, "is_best_seller": false}}, {"model": "user.product", "pk": 26, "fields": {"product": "Big Eye Snapper - Whole Cleaned (With Skin)", "image": "products/big_eye_snapper_whole_cleaned_with_skin.jpg", "sub_image1": "", "sub_image2": "", "sub_image3": "", "category": 2, "subcategory": 7, "old_price": 300, "new_price": 200, "quantity": 90, "description": "A tasty snapper which looks very beautiful, so much so that it is said that a leading female movie actor was named after this fish (wait...or was it the other way around?). In any case, tastes great.   Storage Instructions: Store under refrigeration", "is_top_save_today": true, "is_best_seller": false}}, {"model": "user.product", "pk": 27, "fields": {"product": "Kerala Sardine / Naadan Mathi - Whole Cleaned", "image": "products/sardine_whole_cleaned_02_2.jpg", "sub_image1": "", "sub_image2": "", "sub_image3": "", "category": 2, "subcategory": 8, "old_price": 200, "new_price": 140, "quantity": 90, "description": "One of the cheapest yet the most tastiest of our entire fish collection...Has soft/chewable bones, but what an amazing taste!   Storage Instructions: Store under refrigeration at 4C or below, in hygienic conditions  Marketed By: Freshalicious Super", "is_top_save_today": true, "is_best_seller": false}}, {"model": "user.product", "pk": 28, "fields": {"product": "Kerala Sardine / Naadan Mathi - Whole (Not Cleaned and Cut)", "image": "products/sardine_1.jpg", "sub_image1": "", "sub_image2": "", "sub_image3": "", "category": 2, "subcategory": 8, "old_price": 159, "new_price": 120, "quantity": 80, "description": "One of the cheapest yet the most tastiest of our entire fish collection...Has soft/chewable bones, but what an amazing taste!   Storage Instructions: Store under refrigeration at 4C or below, in hygienic conditions  Marketed By: Freshalicious Super", "is_top_save_today": true, "is_best_seller": false}}, {"model": "user.mainbanner", "pk": 3, "fields": {"bannerbig": "MainBanner/4_nN1R5Ly.png", "subcategory": null, "category": 2}}, {"model": "user.subbanners1", "pk": 2, "fields": {"subbanner1": "SubBanners/5_oiqLi4G.png", "category": 2}}, {"model": "user.subbanners2", "pk": 2, "fields": {"subbanner2": "SubBanners/6_98qLyyH.png", "category": 4}}, {"model": "user.addtocart", "pk": 2, "fields": {"Cart_id": "4nwufvxf8g4vl4rgni7bey40wm38jyc8", "product": 8, "added_date": "2023-01-02T08:44:30.253Z", "quantity": 1, "total": null}}, {"model": "user.addtocart", "pk": 3, "fields": {"Cart_id": "myqfv00bcz0j9mhq8y68n5zgpom87uso", "product": 7, "added_date": "2023-01-02T09:48:08.425Z", "quantity": 1, "total": null}}, {"model": "user.addtocart", "pk": 4, "fields": {"Cart_id": "myqfv00bcz0j9mhq8y68n5zgpom87uso", "product": 8, "added_date": "2023-01-02T09:48:18.678Z", "quantity": 1, "total": null}}, {"model": "user.addtocart", "pk": 5, "fields": {"Cart_id": "ki550j9pxg1srie19mirrq75x94m0k4x", "product": 7, "added_date": "2023-01-02T10:15:22.232Z", "quantity": 1, "total": null}}, {"model": "user.addtocart", "pk": 6, "fields": {"Cart_id": "xvn90bmia85og4g2jiuz37cv9wvcvyno", "product": 7, "added_date": "2023-01-02T10:36:24.154Z", "quantity": 1, "total": null}}, {"model": "user.addtocart", "pk": 7, "fields": {"Cart_id": "xvn90bmia85og4g2jiuz37cv9wvcvyno", "product": 6, "added_date": "2023-01-02T10:36:29.209Z", "quantity": 1, "total": null}}, {"model": "user.addtocart", "pk": 8, "fields": {"Cart_id": "ki550j9pxg1srie19mirrq75x94m0k4x", "product": 24, "added_date": "2023-01-02T10:37:11.773Z", "quantity": 1, "total": null}}, {"model": "user.addtocart", "pk": 9, "fields": {"Cart_id": "h5d7dsjwi4vis8mdshipdk4eynzn6gj5", "product": 8, "added_date": "2023-01-02T11:14:09.258Z", "quantity": 1, "total": null}}, {"model": "user.addtocart", "pk": 10, "fields": {"Cart_id": "52rg7cyo9mdvmjpvf8w0cqph2khhi8a2", "product": 14, "added_date": "2023-01-03T06:40:03.325Z", "quantity": 1, "total": null}}, {"model": "user.addtocart", "pk": 11, "fields": {"Cart_id": "52rg7cyo9mdvmjpvf8w0cqph2khhi8a2", "product": 16, "added_date": "2023-01-03T06:40:05.405Z", "quantity": 1, "total": null}}, {"model": "user.addtocart", "pk": 12, "fields": {"Cart_id": "52rg7cyo9mdvmjpvf8w0cqph2khhi8a2", "product": 24, "added_date": "2023-01-03T06:40:09.369Z", "quantity": 1, "total": null}}, {"model": "user.addtocart", "pk": 13, "fields": {"Cart_id": "52rg7cyo9mdvmjpvf8w0cqph2khhi8a2", "product": 6, "added_date": "2023-01-03T06:46:17.512Z", "quantity": 1, "total": null}}, {"model": "user.addtocart", "pk": 14, "fields": {"Cart_id": "52rg7cyo9mdvmjpvf8w0cqph2khhi8a2", "product": 7, "added_date": "2023-01-03T06:46:18.211Z", "quantity": 1, "total": null}}, {"model": "user.addtocart", "pk": 15, "fields": {"Cart_id": "52rg7cyo9mdvmjpvf8w0cqph2khhi8a2", "product": 8, "added_date": "2023-01-03T06:46:19.228Z", "quantity": 1, "total": null}}, {"model": "user.addtocart", "pk": 16, "fields": {"Cart_id": "52rg7cyo9mdvmjpvf8w0cqph2khhi8a2", "product": 9, "added_date": "2023-01-03T06:46:20.096Z", "quantity": 1, "total": null}}, {"model": "user.addtocart", "pk": 17, "fields": {"Cart_id": "52rg7cyo9mdvmjpvf8w0cqph2khhi8a2", "product": 26, "added_date": "2023-01-03T06:46:36.396Z", "quantity": 1, "total": null}}, {"model": "user.addtocart", "pk": 18, "fields": {"Cart_id": "52rg7cyo9mdvmjpvf8w0cqph2khhi8a2", "product": 25, "added_date": "2023-01-03T06:52:30.662Z", "quantity": 1, "total": null}}, {"model": "user.addtocart", "pk": 19, "fields": {"Cart_id": "d74ain1e033wy58v4jocibextpxe1wbt", "product": 23, "added_date": "2023-01-03T07:01:40.226Z", "quantity": 1, "total": 500}}, {"model": "user.addtocart", "pk": 20, "fields": {"Cart_id": "d74ain1e033wy58v4jocibextpxe1wbt", "product": 22, "added_date": "2023-01-03T07:01:41.389Z", "quantity": 1, "total": 180}}, {"model": "user.addtocart", "pk": 21, "fields": {"Cart_id": "celax7p4mtqkh2sz8hb682119v1vc2we", "product": 22, "added_date": "2023-01-03T15:45:51.551Z", "quantity": 1, "total": 180}}, {"model": "user.addtocart", "pk": 22, "fields": {"Cart_id": "hpwh19mkj05zyr47furtn7m0i3rok7do", "product": 24, "added_date": "2023-01-05T04:40:50.597Z", "quantity": 1, "total": 350}}, {"model": "user.addtocart", "pk": 23, "fields": {"Cart_id": "un3leshx78mgdq3tdiiz5hj0hgk5j5if", "product": 20, "added_date": "2023-01-12T06:45:07.566Z", "quantity": 1, "total": 550}}, {"model": "user.addtocart", "pk": 24, "fields": {"Cart_id": "yd8a8z2jatxpiff0ozraf7plurlkps0a", "product": 27, "added_date": "2023-01-14T07:33:14.469Z", "quantity": 1, "total": 200}}, {"model": "user.addtocart", "pk": 25, "fields": {"Cart_id": "rc1mdj5lzmjoblp0a18qb1ud3m65eh5j", "product": 10, "added_date": "2023-03-09T09:52:20.462Z", "quantity": 1, "total": 700}}, {"model": "user.addtocart", "pk": 26, "fields": {"Cart_id": "kbbwx5z8ug9475y3wob7fhsbn0r8fx3w", "product": 10, "added_date": "2023-03-09T09:52:20.463Z", "quantity": 1, "total": 700}}, {"model": "user.addtocart", "pk": 27, "fields": {"Cart_id": "yxpue6lnmsst3x4217xhgklhp2x70k49", "product": 20, "added_date": "2023-03-09T09:52:20.469Z", "quantity": 1, "total": 550}}, {"model": "user.addtocart", "pk": 28, "fields": {"Cart_id": "9z650gg3mwowy74bwdwytmpv7v6mb83w", "product": 10, "added_date": "2023-03-09T09:52:20.482Z", "quantity": 1, "total": 700}}, {"model": "user.addtocart", "pk": 29, "fields": {"Cart_id": "mkq16u4du6ls13iic9y9s027wh209dfb", "product": 10, "added_date": "2023-03-09T09:52:20.492Z", "quantity": 1, "total": 700}}, {"model": "user.addtocart", "pk": 30, "fields": {"Cart_id": "hwsv6hk6nl0zolyr0pqgskwep8lplvs8", "product": 20, "added_date": "2023-03-09T09:52:23.158Z", "quantity": 1, "total": 550}}, {"model": "user.addtocart", "pk": 31, "fields": {"Cart_id": "hji7fjqtmdaltg8ot9jjp2ntaubl7zak", "product": 24, "added_date": "2023-04-03T13:20:35.885Z", "quantity": 1, "total": 350}}, {"model": "user.addtocart", "pk": 32, "fields": {"Cart_id": "hji7fjqtmdaltg8ot9jjp2ntaubl7zak", "product": 17, "added_date": "2023-04-03T14:41:25.969Z", "quantity": 1, "total": 900}}, {"model": "user.addtocart", "pk": 33, "fields": {"Cart_id": "e02lmyh2rxo44hfd3weizncl0w6z7xbh", "product": 10, "added_date": "2023-04-03T18:21:22.995Z", "quantity": 1, "total": 700}}, {"model": "user.addtocart", "pk": 34, "fields": {"Cart_id": "01jz0hbudsyhehfvq6rgh9tbyzd66dc1", "product": 10, "added_date": "2023-04-03T18:21:22.996Z", "quantity": 1, "total": 700}}, {"model": "user.addtocart", "pk": 35, "fields": {"Cart_id": "zw2jle4j2rh0xhlrct5dzke7ja1twr3u", "product": 10, "added_date": "2023-04-03T18:21:22.998Z", "quantity": 1, "total": 700}}, {"model": "user.addtocart", "pk": 36, "fields": {"Cart_id": "01jz0hbudsyhehfvq6rgh9tbyzd66dc1", "product": 6, "added_date": "2023-04-03T18:21:23.350Z", "quantity": 1, "total": 350}}, {"model": "user.addtocart", "pk": 37, "fields": {"Cart_id": "zw2jle4j2rh0xhlrct5dzke7ja1twr3u", "product": 6, "added_date": "2023-04-03T18:21:24.050Z", "quantity": 1, "total": 350}}, {"model": "user.addtocart", "pk": 38, "fields": {"Cart_id": "jye89jlmspioy0m587r9y5o967r1lgyh", "product": 13, "added_date": "2023-05-31T10:34:44.846Z", "quantity": 1, "total": null}}, {"model": "user.addtocart", "pk": 39, "fields": {"Cart_id": "irdvu8kt382jgt9ztubxjtvx2jjxcxmx", "product": 7, "added_date": "2023-05-31T10:39:39.410Z", "quantity": 1, "total": 500}}, {"model": "user.addtocart", "pk": 40, "fields": {"Cart_id": "irdvu8kt382jgt9ztubxjtvx2jjxcxmx", "product": 8, "added_date": "2023-05-31T10:39:41.045Z", "quantity": 1, "total": 460}}, {"model": "user.addtocart", "pk": 41, "fields": {"Cart_id": "irdvu8kt382jgt9ztubxjtvx2jjxcxmx", "product": 6, "added_date": "2023-05-31T10:39:42.015Z", "quantity": 1, "total": 350}}, {"model": "user.addtocart", "pk": 42, "fields": {"Cart_id": "jye89jlmspioy0m587r9y5o967r1lgyh", "product": 24, "added_date": "2023-05-31T10:40:56.964Z", "quantity": 1, "total": 350}}]